row_id,document,token,label
0,7,0,B-NAME_STUDENT
1,7,1,B-NAME_STUDENT
2,7,2,B-NAME_STUDENT
3,7,3,B-NAME_STUDENT
4,7,4,B-NAME_STUDENT
5,7,5,B-NAME_STUDENT
6,7,6,B-NAME_STUDENT
7,7,7,B-NAME_STUDENT
8,7,8,B-NAME_STUDENT
9,7,9,B-NAME_STUDENT
10,7,10,B-NAME_STUDENT
11,7,11,B-NAME_STUDENT
12,7,12,B-NAME_STUDENT
13,7,13,B-NAME_STUDENT
14,7,14,B-NAME_STUDENT
15,7,15,B-NAME_STUDENT
16,7,16,B-NAME_STUDENT
17,7,17,B-NAME_STUDENT
18,7,18,B-NAME_STUDENT
19,7,19,B-NAME_STUDENT
20,7,20,B-NAME_STUDENT
21,7,21,B-NAME_STUDENT
22,7,22,B-NAME_STUDENT
23,7,23,B-NAME_STUDENT
24,7,24,B-NAME_STUDENT
25,7,25,B-NAME_STUDENT
26,7,26,B-NAME_STUDENT
27,7,27,B-NAME_STUDENT
28,7,28,B-NAME_STUDENT
29,7,29,B-NAME_STUDENT
30,7,30,B-NAME_STUDENT
31,7,31,B-NAME_STUDENT
32,7,32,B-NAME_STUDENT
33,7,33,B-NAME_STUDENT
34,7,34,B-NAME_STUDENT
35,7,35,B-NAME_STUDENT
36,7,36,B-NAME_STUDENT
37,7,37,B-NAME_STUDENT
38,7,38,B-NAME_STUDENT
39,7,39,B-NAME_STUDENT
40,7,40,B-NAME_STUDENT
41,7,41,B-NAME_STUDENT
42,7,42,B-NAME_STUDENT
43,7,43,B-NAME_STUDENT
44,7,44,B-NAME_STUDENT
45,7,45,B-NAME_STUDENT
46,7,46,B-NAME_STUDENT
47,7,47,B-NAME_STUDENT
48,7,48,B-NAME_STUDENT
49,7,49,B-NAME_STUDENT
50,7,50,B-NAME_STUDENT
51,7,51,B-NAME_STUDENT
52,7,52,B-NAME_STUDENT
53,7,53,B-NAME_STUDENT
54,7,54,B-NAME_STUDENT
55,7,55,B-NAME_STUDENT
56,7,56,B-NAME_STUDENT
57,7,57,B-NAME_STUDENT
58,7,58,B-NAME_STUDENT
59,7,59,B-NAME_STUDENT
60,7,60,B-NAME_STUDENT
61,7,61,B-NAME_STUDENT
62,7,62,B-NAME_STUDENT
63,7,63,B-NAME_STUDENT
64,7,64,B-NAME_STUDENT
65,7,65,B-NAME_STUDENT
66,7,66,B-NAME_STUDENT
67,7,67,B-NAME_STUDENT
68,7,68,B-NAME_STUDENT
69,7,69,B-NAME_STUDENT
70,7,70,B-NAME_STUDENT
71,7,71,B-NAME_STUDENT
72,7,72,B-NAME_STUDENT
73,7,73,B-NAME_STUDENT
74,7,74,B-NAME_STUDENT
75,7,75,B-NAME_STUDENT
76,7,76,B-NAME_STUDENT
77,7,77,B-NAME_STUDENT
78,7,78,B-NAME_STUDENT
79,7,79,B-NAME_STUDENT
80,7,80,B-NAME_STUDENT
81,7,81,B-NAME_STUDENT
82,7,82,B-NAME_STUDENT
83,7,83,B-NAME_STUDENT
84,7,84,B-NAME_STUDENT
85,7,85,B-NAME_STUDENT
86,7,86,B-NAME_STUDENT
87,7,87,B-NAME_STUDENT
88,7,88,B-NAME_STUDENT
89,7,89,B-NAME_STUDENT
90,7,90,B-NAME_STUDENT
91,7,91,B-NAME_STUDENT
92,7,92,B-NAME_STUDENT
93,7,93,B-NAME_STUDENT
94,7,94,B-NAME_STUDENT
95,7,95,B-NAME_STUDENT
96,7,96,B-NAME_STUDENT
97,7,97,B-NAME_STUDENT
98,7,98,B-NAME_STUDENT
99,7,99,B-NAME_STUDENT
100,7,100,B-NAME_STUDENT
101,7,101,B-NAME_STUDENT
102,7,102,B-NAME_STUDENT
103,7,103,B-NAME_STUDENT
104,7,104,B-NAME_STUDENT
105,7,105,B-NAME_STUDENT
106,7,106,B-NAME_STUDENT
107,7,107,B-NAME_STUDENT
108,7,108,B-NAME_STUDENT
109,7,109,B-NAME_STUDENT
110,7,110,B-NAME_STUDENT
111,7,111,B-NAME_STUDENT
112,7,112,B-NAME_STUDENT
113,7,113,B-NAME_STUDENT
114,7,114,B-NAME_STUDENT
115,7,115,B-NAME_STUDENT
116,7,116,B-NAME_STUDENT
117,7,117,B-NAME_STUDENT
118,7,118,B-NAME_STUDENT
119,7,119,B-NAME_STUDENT
120,7,120,B-NAME_STUDENT
121,7,121,B-NAME_STUDENT
122,7,122,B-NAME_STUDENT
123,7,123,B-NAME_STUDENT
124,7,124,B-NAME_STUDENT
125,7,125,B-NAME_STUDENT
126,7,126,B-NAME_STUDENT
127,7,127,B-NAME_STUDENT
128,7,128,B-NAME_STUDENT
129,7,129,B-NAME_STUDENT
130,7,130,B-NAME_STUDENT
131,7,131,B-NAME_STUDENT
132,7,132,B-NAME_STUDENT
133,7,133,B-NAME_STUDENT
134,7,134,B-NAME_STUDENT
135,7,135,B-NAME_STUDENT
136,7,136,B-NAME_STUDENT
137,7,137,B-NAME_STUDENT
138,7,138,B-NAME_STUDENT
139,7,139,B-NAME_STUDENT
140,7,140,B-NAME_STUDENT
141,7,141,B-NAME_STUDENT
142,7,142,B-NAME_STUDENT
143,7,143,B-NAME_STUDENT
144,7,144,B-NAME_STUDENT
145,7,145,B-NAME_STUDENT
146,7,146,B-NAME_STUDENT
147,7,147,B-NAME_STUDENT
148,7,148,B-NAME_STUDENT
149,7,149,B-NAME_STUDENT
150,7,150,B-NAME_STUDENT
151,7,151,B-NAME_STUDENT
152,7,152,B-NAME_STUDENT
153,7,153,B-NAME_STUDENT
154,7,154,B-NAME_STUDENT
155,7,155,B-NAME_STUDENT
156,7,156,B-NAME_STUDENT
157,7,157,B-NAME_STUDENT
158,7,158,B-NAME_STUDENT
159,7,159,B-NAME_STUDENT
160,7,160,B-NAME_STUDENT
161,7,161,B-NAME_STUDENT
162,7,162,B-NAME_STUDENT
163,7,163,B-NAME_STUDENT
164,7,164,B-NAME_STUDENT
165,7,165,B-NAME_STUDENT
166,7,166,B-NAME_STUDENT
167,7,167,B-NAME_STUDENT
168,7,168,B-NAME_STUDENT
169,7,169,B-NAME_STUDENT
170,7,170,B-NAME_STUDENT
171,7,171,B-NAME_STUDENT
172,7,172,B-NAME_STUDENT
173,7,173,B-NAME_STUDENT
174,7,174,B-NAME_STUDENT
175,7,175,B-NAME_STUDENT
176,7,176,B-NAME_STUDENT
177,7,177,B-NAME_STUDENT
178,7,178,B-NAME_STUDENT
179,7,179,B-NAME_STUDENT
180,7,180,B-NAME_STUDENT
181,7,181,B-NAME_STUDENT
182,7,182,B-NAME_STUDENT
183,7,183,B-NAME_STUDENT
184,7,184,B-NAME_STUDENT
185,7,185,B-NAME_STUDENT
186,7,186,B-NAME_STUDENT
187,7,187,B-NAME_STUDENT
188,7,188,B-NAME_STUDENT
189,7,189,B-NAME_STUDENT
190,7,190,B-NAME_STUDENT
191,7,191,B-NAME_STUDENT
192,7,192,B-NAME_STUDENT
193,7,193,B-NAME_STUDENT
194,7,194,B-NAME_STUDENT
195,7,195,B-NAME_STUDENT
196,7,196,B-NAME_STUDENT
197,7,197,B-NAME_STUDENT
198,7,198,B-NAME_STUDENT
199,7,199,B-NAME_STUDENT
200,7,200,B-NAME_STUDENT
201,7,201,B-NAME_STUDENT
202,7,202,B-NAME_STUDENT
203,7,203,B-NAME_STUDENT
204,7,204,B-NAME_STUDENT
205,7,205,B-NAME_STUDENT
206,7,206,B-NAME_STUDENT
207,7,207,B-NAME_STUDENT
208,7,208,B-NAME_STUDENT
209,7,209,B-NAME_STUDENT
210,7,210,B-NAME_STUDENT
211,7,211,B-NAME_STUDENT
212,7,212,B-NAME_STUDENT
213,7,213,B-NAME_STUDENT
214,7,214,B-NAME_STUDENT
215,7,215,B-NAME_STUDENT
216,7,216,B-NAME_STUDENT
217,7,217,B-NAME_STUDENT
218,7,218,B-NAME_STUDENT
219,7,219,B-NAME_STUDENT
220,7,220,B-NAME_STUDENT
221,7,221,B-NAME_STUDENT
222,7,222,B-NAME_STUDENT
223,7,223,B-NAME_STUDENT
224,7,224,B-NAME_STUDENT
225,7,225,B-NAME_STUDENT
226,7,226,B-NAME_STUDENT
227,7,227,B-NAME_STUDENT
228,7,228,B-NAME_STUDENT
229,7,229,B-NAME_STUDENT
230,7,230,B-NAME_STUDENT
231,7,231,B-NAME_STUDENT
232,7,232,B-NAME_STUDENT
233,7,233,B-NAME_STUDENT
234,7,234,B-NAME_STUDENT
235,7,235,B-NAME_STUDENT
236,7,236,B-NAME_STUDENT
237,7,237,B-NAME_STUDENT
238,7,238,B-NAME_STUDENT
239,7,239,B-NAME_STUDENT
240,7,240,B-NAME_STUDENT
241,7,241,B-NAME_STUDENT
242,7,242,B-NAME_STUDENT
243,7,243,B-NAME_STUDENT
244,7,244,B-NAME_STUDENT
245,7,245,B-NAME_STUDENT
246,7,246,B-NAME_STUDENT
247,7,247,B-NAME_STUDENT
248,7,248,B-NAME_STUDENT
249,7,249,B-NAME_STUDENT
250,7,250,B-NAME_STUDENT
251,7,251,B-NAME_STUDENT
252,7,252,B-NAME_STUDENT
253,7,253,B-NAME_STUDENT
254,7,254,B-NAME_STUDENT
255,7,255,B-NAME_STUDENT
256,7,256,B-NAME_STUDENT
257,7,257,B-NAME_STUDENT
258,7,258,B-NAME_STUDENT
259,7,259,B-NAME_STUDENT
260,7,260,B-NAME_STUDENT
261,7,261,B-NAME_STUDENT
262,7,262,B-NAME_STUDENT
263,7,263,B-NAME_STUDENT
264,7,264,B-NAME_STUDENT
265,7,265,B-NAME_STUDENT
266,7,266,B-NAME_STUDENT
267,7,267,B-NAME_STUDENT
268,7,268,B-NAME_STUDENT
269,7,269,B-NAME_STUDENT
270,7,270,B-NAME_STUDENT
271,7,271,B-NAME_STUDENT
272,7,272,B-NAME_STUDENT
273,7,273,B-NAME_STUDENT
274,7,274,B-NAME_STUDENT
275,7,275,B-NAME_STUDENT
276,7,276,B-NAME_STUDENT
277,7,277,B-NAME_STUDENT
278,7,278,B-NAME_STUDENT
279,7,279,B-NAME_STUDENT
280,7,280,B-NAME_STUDENT
281,7,281,B-NAME_STUDENT
282,7,282,B-NAME_STUDENT
283,7,283,B-NAME_STUDENT
284,7,284,B-NAME_STUDENT
285,7,285,B-NAME_STUDENT
286,7,286,B-NAME_STUDENT
287,7,287,B-NAME_STUDENT
288,7,288,B-NAME_STUDENT
289,7,289,B-NAME_STUDENT
290,7,290,B-NAME_STUDENT
291,7,291,B-NAME_STUDENT
292,7,292,B-NAME_STUDENT
293,7,293,B-NAME_STUDENT
294,7,294,B-NAME_STUDENT
295,7,295,B-NAME_STUDENT
296,7,296,B-NAME_STUDENT
297,7,297,B-NAME_STUDENT
298,7,298,B-NAME_STUDENT
299,7,299,B-NAME_STUDENT
300,7,300,B-NAME_STUDENT
301,7,301,B-NAME_STUDENT
302,7,302,B-NAME_STUDENT
303,7,303,B-NAME_STUDENT
304,7,304,B-NAME_STUDENT
305,7,305,B-NAME_STUDENT
306,7,306,B-NAME_STUDENT
307,7,307,B-NAME_STUDENT
308,7,308,B-NAME_STUDENT
309,7,309,B-NAME_STUDENT
310,7,310,B-NAME_STUDENT
311,7,311,B-NAME_STUDENT
312,7,312,B-NAME_STUDENT
313,7,313,B-NAME_STUDENT
314,7,314,B-NAME_STUDENT
315,7,315,B-NAME_STUDENT
316,7,316,B-NAME_STUDENT
317,7,317,B-NAME_STUDENT
318,7,318,B-NAME_STUDENT
319,7,319,B-NAME_STUDENT
320,7,320,B-NAME_STUDENT
321,7,321,B-NAME_STUDENT
322,7,322,B-NAME_STUDENT
323,7,323,B-NAME_STUDENT
324,7,324,B-NAME_STUDENT
325,7,325,B-NAME_STUDENT
326,7,326,B-NAME_STUDENT
327,7,327,B-NAME_STUDENT
328,7,328,B-NAME_STUDENT
329,7,329,B-NAME_STUDENT
330,7,330,B-NAME_STUDENT
331,7,331,B-NAME_STUDENT
332,7,332,B-NAME_STUDENT
333,7,333,B-NAME_STUDENT
334,7,334,B-NAME_STUDENT
335,7,335,B-NAME_STUDENT
336,7,336,B-NAME_STUDENT
337,7,337,B-NAME_STUDENT
338,7,338,B-NAME_STUDENT
339,7,339,B-NAME_STUDENT
340,7,340,B-NAME_STUDENT
341,7,341,B-NAME_STUDENT
342,7,342,B-NAME_STUDENT
343,7,343,B-NAME_STUDENT
344,7,344,B-NAME_STUDENT
345,7,345,B-NAME_STUDENT
346,7,346,B-NAME_STUDENT
347,7,347,B-NAME_STUDENT
348,7,348,B-NAME_STUDENT
349,7,349,B-NAME_STUDENT
350,7,350,B-NAME_STUDENT
351,7,351,B-NAME_STUDENT
352,7,352,B-NAME_STUDENT
353,7,353,B-NAME_STUDENT
354,7,354,B-NAME_STUDENT
355,7,355,B-NAME_STUDENT
356,7,356,B-NAME_STUDENT
357,7,357,B-NAME_STUDENT
358,7,358,B-NAME_STUDENT
359,7,359,B-NAME_STUDENT
360,7,360,B-NAME_STUDENT
361,7,361,B-NAME_STUDENT
362,7,362,B-NAME_STUDENT
363,7,363,B-NAME_STUDENT
364,7,364,B-NAME_STUDENT
365,7,365,B-NAME_STUDENT
366,7,366,B-NAME_STUDENT
367,7,367,B-NAME_STUDENT
368,7,368,B-NAME_STUDENT
369,7,369,B-NAME_STUDENT
370,7,370,B-NAME_STUDENT
371,7,371,B-NAME_STUDENT
372,7,372,B-NAME_STUDENT
373,7,373,B-NAME_STUDENT
374,7,374,B-NAME_STUDENT
375,7,375,B-NAME_STUDENT
376,7,376,B-NAME_STUDENT
377,7,377,B-NAME_STUDENT
378,7,378,B-NAME_STUDENT
379,7,379,B-NAME_STUDENT
380,7,380,B-NAME_STUDENT
381,7,381,B-NAME_STUDENT
382,7,382,B-NAME_STUDENT
383,7,383,B-NAME_STUDENT
384,7,384,B-NAME_STUDENT
385,7,385,B-NAME_STUDENT
386,7,386,B-NAME_STUDENT
387,7,387,B-NAME_STUDENT
388,7,388,B-NAME_STUDENT
389,7,389,B-NAME_STUDENT
390,7,390,B-NAME_STUDENT
391,7,391,B-NAME_STUDENT
392,7,392,B-NAME_STUDENT
393,7,393,B-NAME_STUDENT
394,7,394,B-NAME_STUDENT
395,7,395,B-NAME_STUDENT
396,7,396,B-NAME_STUDENT
397,7,397,B-NAME_STUDENT
398,7,398,B-NAME_STUDENT
399,7,399,B-NAME_STUDENT
400,7,400,B-NAME_STUDENT
401,7,401,B-NAME_STUDENT
402,7,402,B-NAME_STUDENT
403,7,403,B-NAME_STUDENT
404,7,404,B-NAME_STUDENT
405,7,405,B-NAME_STUDENT
406,7,406,B-NAME_STUDENT
407,7,407,B-NAME_STUDENT
408,7,408,B-NAME_STUDENT
409,7,409,B-NAME_STUDENT
410,7,410,B-NAME_STUDENT
411,7,411,B-NAME_STUDENT
412,7,412,B-NAME_STUDENT
413,7,413,B-NAME_STUDENT
414,7,414,B-NAME_STUDENT
415,7,415,B-NAME_STUDENT
416,7,416,B-NAME_STUDENT
417,7,417,B-NAME_STUDENT
418,7,418,B-NAME_STUDENT
419,7,419,B-NAME_STUDENT
420,7,420,B-NAME_STUDENT
421,7,421,B-NAME_STUDENT
422,7,422,B-NAME_STUDENT
423,7,423,B-NAME_STUDENT
424,7,424,B-NAME_STUDENT
425,7,425,B-NAME_STUDENT
426,7,426,B-NAME_STUDENT
427,7,427,B-NAME_STUDENT
428,7,428,B-NAME_STUDENT
429,7,429,B-NAME_STUDENT
430,7,430,B-NAME_STUDENT
431,7,431,B-NAME_STUDENT
432,7,432,B-NAME_STUDENT
433,7,433,B-NAME_STUDENT
434,7,434,B-NAME_STUDENT
435,7,435,B-NAME_STUDENT
436,7,436,B-NAME_STUDENT
437,7,437,B-NAME_STUDENT
438,7,438,B-NAME_STUDENT
439,7,439,B-NAME_STUDENT
440,7,440,B-NAME_STUDENT
441,7,441,B-NAME_STUDENT
442,7,442,B-NAME_STUDENT
443,7,443,B-NAME_STUDENT
444,7,444,B-NAME_STUDENT
445,7,445,B-NAME_STUDENT
446,7,446,B-NAME_STUDENT
447,7,447,B-NAME_STUDENT
448,7,448,B-NAME_STUDENT
449,7,449,B-NAME_STUDENT
450,7,450,B-NAME_STUDENT
451,7,451,B-NAME_STUDENT
452,7,452,B-NAME_STUDENT
453,7,453,B-NAME_STUDENT
454,7,454,B-NAME_STUDENT
455,7,455,B-NAME_STUDENT
456,7,456,B-NAME_STUDENT
457,7,457,B-NAME_STUDENT
458,7,458,B-NAME_STUDENT
459,7,459,B-NAME_STUDENT
460,7,460,B-NAME_STUDENT
461,7,461,B-NAME_STUDENT
462,7,462,B-NAME_STUDENT
463,7,463,B-NAME_STUDENT
464,7,464,B-NAME_STUDENT
465,7,465,B-NAME_STUDENT
466,7,466,B-NAME_STUDENT
467,7,467,B-NAME_STUDENT
468,7,468,B-NAME_STUDENT
469,7,469,B-NAME_STUDENT
470,7,470,B-NAME_STUDENT
471,7,471,B-NAME_STUDENT
472,7,472,B-NAME_STUDENT
473,7,473,B-NAME_STUDENT
474,7,474,B-NAME_STUDENT
475,7,475,B-NAME_STUDENT
476,7,476,B-NAME_STUDENT
477,7,477,B-NAME_STUDENT
478,7,478,B-NAME_STUDENT
479,7,479,B-NAME_STUDENT
480,7,480,B-NAME_STUDENT
481,7,481,B-NAME_STUDENT
482,7,482,B-NAME_STUDENT
483,7,483,B-NAME_STUDENT
484,7,484,B-NAME_STUDENT
485,7,485,B-NAME_STUDENT
486,7,486,B-NAME_STUDENT
487,7,487,B-NAME_STUDENT
488,7,488,B-NAME_STUDENT
489,7,489,B-NAME_STUDENT
490,7,490,B-NAME_STUDENT
491,7,491,B-NAME_STUDENT
492,7,492,B-NAME_STUDENT
493,7,493,B-NAME_STUDENT
494,7,494,B-NAME_STUDENT
495,7,495,B-NAME_STUDENT
496,7,496,B-NAME_STUDENT
497,7,497,B-NAME_STUDENT
498,7,498,B-NAME_STUDENT
499,7,499,B-NAME_STUDENT
500,7,500,B-NAME_STUDENT
501,7,501,B-NAME_STUDENT
502,7,502,B-NAME_STUDENT
503,7,503,B-NAME_STUDENT
504,7,504,B-NAME_STUDENT
505,7,505,B-NAME_STUDENT
506,7,506,B-NAME_STUDENT
507,7,507,B-NAME_STUDENT
508,7,508,B-NAME_STUDENT
509,7,509,B-NAME_STUDENT
510,7,510,B-NAME_STUDENT
511,7,511,B-NAME_STUDENT
512,7,512,B-NAME_STUDENT
513,7,513,B-NAME_STUDENT
514,7,514,B-NAME_STUDENT
515,7,515,B-NAME_STUDENT
516,7,516,B-NAME_STUDENT
517,7,517,B-NAME_STUDENT
518,7,518,B-NAME_STUDENT
519,7,519,B-NAME_STUDENT
520,7,520,B-NAME_STUDENT
521,7,521,B-NAME_STUDENT
522,7,522,B-NAME_STUDENT
523,7,523,B-NAME_STUDENT
524,7,524,B-NAME_STUDENT
525,7,525,B-NAME_STUDENT
526,7,526,B-NAME_STUDENT
527,7,527,B-NAME_STUDENT
528,7,528,B-NAME_STUDENT
529,7,529,B-NAME_STUDENT
530,7,530,B-NAME_STUDENT
531,7,531,B-NAME_STUDENT
532,7,532,B-NAME_STUDENT
533,7,533,B-NAME_STUDENT
534,7,534,B-NAME_STUDENT
535,7,535,B-NAME_STUDENT
536,7,536,B-NAME_STUDENT
537,7,537,B-NAME_STUDENT
538,7,538,B-NAME_STUDENT
539,7,539,B-NAME_STUDENT
540,7,540,B-NAME_STUDENT
541,7,541,B-NAME_STUDENT
542,7,542,B-NAME_STUDENT
543,7,543,B-NAME_STUDENT
544,7,544,B-NAME_STUDENT
545,7,545,B-NAME_STUDENT
546,7,546,B-NAME_STUDENT
547,7,547,B-NAME_STUDENT
548,7,548,B-NAME_STUDENT
549,7,549,B-NAME_STUDENT
550,7,550,B-NAME_STUDENT
551,7,551,B-NAME_STUDENT
552,7,552,B-NAME_STUDENT
553,7,553,B-NAME_STUDENT
554,7,554,B-NAME_STUDENT
555,7,555,B-NAME_STUDENT
556,7,556,B-NAME_STUDENT
557,7,557,B-NAME_STUDENT
558,7,558,B-NAME_STUDENT
559,7,559,B-NAME_STUDENT
560,7,560,B-NAME_STUDENT
561,7,561,B-NAME_STUDENT
562,7,562,B-NAME_STUDENT
563,7,563,B-NAME_STUDENT
564,7,564,B-NAME_STUDENT
565,7,565,B-NAME_STUDENT
566,7,566,B-NAME_STUDENT
567,7,567,B-NAME_STUDENT
568,7,568,B-NAME_STUDENT
569,7,569,B-NAME_STUDENT
570,7,570,B-NAME_STUDENT
571,7,571,B-NAME_STUDENT
572,7,572,B-NAME_STUDENT
573,7,573,B-NAME_STUDENT
574,7,574,B-NAME_STUDENT
575,7,575,B-NAME_STUDENT
576,7,576,B-NAME_STUDENT
577,7,577,B-NAME_STUDENT
578,7,578,B-NAME_STUDENT
579,7,579,B-NAME_STUDENT
580,7,580,B-NAME_STUDENT
581,7,581,B-NAME_STUDENT
582,7,582,B-NAME_STUDENT
583,7,583,B-NAME_STUDENT
584,7,584,B-NAME_STUDENT
585,7,585,B-NAME_STUDENT
586,7,586,B-NAME_STUDENT
587,7,587,B-NAME_STUDENT
588,7,588,B-NAME_STUDENT
589,7,589,B-NAME_STUDENT
590,7,590,B-NAME_STUDENT
591,7,591,B-NAME_STUDENT
592,7,592,B-NAME_STUDENT
593,7,593,B-NAME_STUDENT
594,7,594,B-NAME_STUDENT
595,7,595,B-NAME_STUDENT
596,7,596,B-NAME_STUDENT
597,7,597,B-NAME_STUDENT
598,7,598,B-NAME_STUDENT
599,7,599,B-NAME_STUDENT
600,7,600,B-NAME_STUDENT
601,7,601,B-NAME_STUDENT
602,7,602,B-NAME_STUDENT
603,7,603,B-NAME_STUDENT
604,7,604,B-NAME_STUDENT
605,7,605,B-NAME_STUDENT
606,7,606,B-NAME_STUDENT
607,7,607,B-NAME_STUDENT
608,7,608,B-NAME_STUDENT
609,7,609,B-NAME_STUDENT
610,7,610,B-NAME_STUDENT
611,7,611,B-NAME_STUDENT
612,7,612,B-NAME_STUDENT
613,7,613,B-NAME_STUDENT
614,7,614,B-NAME_STUDENT
615,7,615,B-NAME_STUDENT
616,7,616,B-NAME_STUDENT
617,7,617,B-NAME_STUDENT
618,7,618,B-NAME_STUDENT
619,7,619,B-NAME_STUDENT
620,7,620,B-NAME_STUDENT
621,7,621,B-NAME_STUDENT
622,7,622,B-NAME_STUDENT
623,7,623,B-NAME_STUDENT
624,7,624,B-NAME_STUDENT
625,7,625,B-NAME_STUDENT
626,7,626,B-NAME_STUDENT
627,7,627,B-NAME_STUDENT
628,7,628,B-NAME_STUDENT
629,7,629,B-NAME_STUDENT
630,7,630,B-NAME_STUDENT
631,7,631,B-NAME_STUDENT
632,7,632,B-NAME_STUDENT
633,7,633,B-NAME_STUDENT
634,7,634,B-NAME_STUDENT
635,7,635,B-NAME_STUDENT
636,7,636,B-NAME_STUDENT
637,7,637,B-NAME_STUDENT
638,7,638,B-NAME_STUDENT
639,7,639,B-NAME_STUDENT
640,7,640,B-NAME_STUDENT
641,7,641,B-NAME_STUDENT
642,7,642,B-NAME_STUDENT
643,7,643,B-NAME_STUDENT
644,7,644,B-NAME_STUDENT
645,7,645,B-NAME_STUDENT
646,7,646,B-NAME_STUDENT
647,7,647,B-NAME_STUDENT
648,7,648,B-NAME_STUDENT
649,7,649,B-NAME_STUDENT
650,7,650,B-NAME_STUDENT
651,7,651,B-NAME_STUDENT
652,7,652,B-NAME_STUDENT
653,7,653,B-NAME_STUDENT
654,7,654,B-NAME_STUDENT
655,7,655,B-NAME_STUDENT
656,7,656,B-NAME_STUDENT
657,7,657,B-NAME_STUDENT
658,7,658,B-NAME_STUDENT
659,7,659,B-NAME_STUDENT
660,7,660,B-NAME_STUDENT
661,7,661,B-NAME_STUDENT
662,7,662,B-NAME_STUDENT
663,7,663,B-NAME_STUDENT
664,7,664,B-NAME_STUDENT
665,7,665,B-NAME_STUDENT
666,7,666,B-NAME_STUDENT
667,7,667,B-NAME_STUDENT
668,7,668,B-NAME_STUDENT
669,7,669,B-NAME_STUDENT
670,7,670,B-NAME_STUDENT
671,7,671,B-NAME_STUDENT
672,7,672,B-NAME_STUDENT
673,7,673,B-NAME_STUDENT
674,7,674,B-NAME_STUDENT
675,7,675,B-NAME_STUDENT
676,7,676,B-NAME_STUDENT
677,7,677,B-NAME_STUDENT
678,7,678,B-NAME_STUDENT
679,7,679,B-NAME_STUDENT
680,7,680,B-NAME_STUDENT
681,7,681,B-NAME_STUDENT
682,7,682,B-NAME_STUDENT
683,7,683,B-NAME_STUDENT
684,7,684,B-NAME_STUDENT
685,7,685,B-NAME_STUDENT
686,7,686,B-NAME_STUDENT
687,7,687,B-NAME_STUDENT
688,7,688,B-NAME_STUDENT
689,7,689,B-NAME_STUDENT
690,7,690,B-NAME_STUDENT
691,7,691,B-NAME_STUDENT
692,7,692,B-NAME_STUDENT
693,7,693,B-NAME_STUDENT
694,7,694,B-NAME_STUDENT
695,7,695,B-NAME_STUDENT
696,7,696,B-NAME_STUDENT
697,7,697,B-NAME_STUDENT
698,7,698,B-NAME_STUDENT
699,7,699,B-NAME_STUDENT
700,7,700,B-NAME_STUDENT
701,7,701,B-NAME_STUDENT
702,7,702,B-NAME_STUDENT
703,7,703,B-NAME_STUDENT
704,7,704,B-NAME_STUDENT
705,7,705,B-NAME_STUDENT
706,7,706,B-NAME_STUDENT
707,7,707,B-NAME_STUDENT
708,7,708,B-NAME_STUDENT
709,7,709,B-NAME_STUDENT
710,7,710,B-NAME_STUDENT
711,7,711,B-NAME_STUDENT
712,7,712,B-NAME_STUDENT
713,7,713,B-NAME_STUDENT
714,7,714,B-NAME_STUDENT
715,7,715,B-NAME_STUDENT
716,7,716,B-NAME_STUDENT
717,7,717,B-NAME_STUDENT
718,7,718,B-NAME_STUDENT
719,7,719,B-NAME_STUDENT
720,7,720,B-NAME_STUDENT
721,7,721,B-NAME_STUDENT
722,7,722,B-NAME_STUDENT
723,7,723,B-NAME_STUDENT
724,7,724,B-NAME_STUDENT
725,7,725,B-NAME_STUDENT
726,7,726,B-NAME_STUDENT
727,7,727,B-NAME_STUDENT
728,7,728,B-NAME_STUDENT
729,7,729,B-NAME_STUDENT
730,7,730,B-NAME_STUDENT
731,7,731,B-NAME_STUDENT
732,7,732,B-NAME_STUDENT
733,7,733,B-NAME_STUDENT
734,7,734,B-NAME_STUDENT
735,7,735,B-NAME_STUDENT
736,7,736,B-NAME_STUDENT
737,7,737,B-NAME_STUDENT
738,7,738,B-NAME_STUDENT
739,7,739,B-NAME_STUDENT
740,7,740,B-NAME_STUDENT
741,7,741,B-NAME_STUDENT
742,7,742,B-NAME_STUDENT
743,7,743,B-NAME_STUDENT
744,7,744,B-NAME_STUDENT
745,7,745,B-NAME_STUDENT
746,7,746,B-NAME_STUDENT
747,7,747,B-NAME_STUDENT
748,7,748,B-NAME_STUDENT
749,7,749,B-NAME_STUDENT
750,7,750,B-NAME_STUDENT
751,7,751,B-NAME_STUDENT
752,7,752,B-NAME_STUDENT
753,7,0,B-NAME_STUDENT
754,7,1,B-NAME_STUDENT
755,7,2,B-NAME_STUDENT
756,7,3,B-NAME_STUDENT
757,7,4,B-NAME_STUDENT
758,7,5,B-NAME_STUDENT
759,7,6,B-NAME_STUDENT
760,7,7,B-NAME_STUDENT
761,7,8,B-NAME_STUDENT
762,7,9,B-NAME_STUDENT
763,7,10,B-NAME_STUDENT
764,7,11,B-NAME_STUDENT
765,7,12,B-NAME_STUDENT
766,7,13,B-NAME_STUDENT
767,7,14,B-NAME_STUDENT
768,7,15,B-NAME_STUDENT
769,7,16,B-NAME_STUDENT
770,7,17,B-NAME_STUDENT
771,7,18,B-NAME_STUDENT
772,7,19,B-NAME_STUDENT
773,7,20,B-NAME_STUDENT
774,7,21,B-NAME_STUDENT
775,7,22,B-NAME_STUDENT
776,7,23,B-NAME_STUDENT
777,7,24,B-NAME_STUDENT
778,7,25,B-NAME_STUDENT
779,7,26,B-NAME_STUDENT
780,7,27,B-NAME_STUDENT
781,7,28,B-NAME_STUDENT
782,7,29,B-NAME_STUDENT
783,7,30,B-NAME_STUDENT
784,7,31,B-NAME_STUDENT
785,7,32,B-NAME_STUDENT
786,7,33,B-NAME_STUDENT
787,7,34,B-NAME_STUDENT
788,7,35,B-NAME_STUDENT
789,7,36,B-NAME_STUDENT
790,7,37,B-NAME_STUDENT
791,7,38,B-NAME_STUDENT
792,7,39,B-NAME_STUDENT
793,7,40,B-NAME_STUDENT
794,7,41,B-NAME_STUDENT
795,7,42,B-NAME_STUDENT
796,7,43,B-NAME_STUDENT
797,7,44,B-NAME_STUDENT
798,7,45,B-NAME_STUDENT
799,7,46,B-NAME_STUDENT
800,7,47,B-NAME_STUDENT
801,7,48,B-NAME_STUDENT
802,7,49,B-NAME_STUDENT
803,7,50,B-NAME_STUDENT
804,7,51,B-NAME_STUDENT
805,7,52,B-NAME_STUDENT
806,7,53,B-NAME_STUDENT
807,7,54,B-NAME_STUDENT
808,7,55,B-NAME_STUDENT
809,7,56,B-NAME_STUDENT
810,7,57,B-NAME_STUDENT
811,7,58,B-NAME_STUDENT
812,7,59,B-NAME_STUDENT
813,7,60,B-NAME_STUDENT
814,7,61,B-NAME_STUDENT
815,7,62,B-NAME_STUDENT
816,7,63,B-NAME_STUDENT
817,7,64,B-NAME_STUDENT
818,7,65,B-NAME_STUDENT
819,7,66,B-NAME_STUDENT
820,7,67,B-NAME_STUDENT
821,7,68,B-NAME_STUDENT
822,7,69,B-NAME_STUDENT
823,7,70,B-NAME_STUDENT
824,7,71,B-NAME_STUDENT
825,7,72,B-NAME_STUDENT
826,7,73,B-NAME_STUDENT
827,7,74,B-NAME_STUDENT
828,7,75,B-NAME_STUDENT
829,7,76,B-NAME_STUDENT
830,7,77,B-NAME_STUDENT
831,7,78,B-NAME_STUDENT
832,7,79,B-NAME_STUDENT
833,7,80,B-NAME_STUDENT
834,7,81,B-NAME_STUDENT
835,7,82,B-NAME_STUDENT
836,7,83,B-NAME_STUDENT
837,7,84,B-NAME_STUDENT
838,7,85,B-NAME_STUDENT
839,7,86,B-NAME_STUDENT
840,7,87,B-NAME_STUDENT
841,7,88,B-NAME_STUDENT
842,7,89,B-NAME_STUDENT
843,7,90,B-NAME_STUDENT
844,7,91,B-NAME_STUDENT
845,7,92,B-NAME_STUDENT
846,7,93,B-NAME_STUDENT
847,7,94,B-NAME_STUDENT
848,7,95,B-NAME_STUDENT
849,7,96,B-NAME_STUDENT
850,7,97,B-NAME_STUDENT
851,7,98,B-NAME_STUDENT
852,7,99,B-NAME_STUDENT
853,7,100,B-NAME_STUDENT
854,7,101,B-NAME_STUDENT
855,7,102,B-NAME_STUDENT
856,7,103,B-NAME_STUDENT
857,7,104,B-NAME_STUDENT
858,7,105,B-NAME_STUDENT
859,7,106,B-NAME_STUDENT
860,7,107,B-NAME_STUDENT
861,7,108,B-NAME_STUDENT
862,7,109,B-NAME_STUDENT
863,7,110,B-NAME_STUDENT
864,7,111,B-NAME_STUDENT
865,7,112,B-NAME_STUDENT
866,7,113,B-NAME_STUDENT
867,7,114,B-NAME_STUDENT
868,7,115,B-NAME_STUDENT
869,7,116,B-NAME_STUDENT
870,7,117,B-NAME_STUDENT
871,7,118,B-NAME_STUDENT
872,7,119,B-NAME_STUDENT
873,7,120,B-NAME_STUDENT
874,7,121,B-NAME_STUDENT
875,7,122,B-NAME_STUDENT
876,7,123,B-NAME_STUDENT
877,7,124,B-NAME_STUDENT
878,7,125,B-NAME_STUDENT
879,7,126,B-NAME_STUDENT
880,7,127,B-NAME_STUDENT
881,7,128,B-NAME_STUDENT
882,7,129,B-NAME_STUDENT
883,7,130,B-NAME_STUDENT
884,7,131,B-NAME_STUDENT
885,7,132,B-NAME_STUDENT
886,7,133,B-NAME_STUDENT
887,7,134,B-NAME_STUDENT
888,7,135,B-NAME_STUDENT
889,7,136,B-NAME_STUDENT
890,7,137,B-NAME_STUDENT
891,7,138,B-NAME_STUDENT
892,7,139,B-NAME_STUDENT
893,7,140,B-NAME_STUDENT
894,7,141,B-NAME_STUDENT
895,7,142,B-NAME_STUDENT
896,7,143,B-NAME_STUDENT
897,7,144,B-NAME_STUDENT
898,7,145,B-NAME_STUDENT
899,7,146,B-NAME_STUDENT
900,7,147,B-NAME_STUDENT
901,7,148,B-NAME_STUDENT
902,7,149,B-NAME_STUDENT
903,7,150,B-NAME_STUDENT
904,7,151,B-NAME_STUDENT
905,7,152,B-NAME_STUDENT
906,7,153,B-NAME_STUDENT
907,7,154,B-NAME_STUDENT
908,7,155,B-NAME_STUDENT
909,7,156,B-NAME_STUDENT
910,7,157,B-NAME_STUDENT
911,7,158,B-NAME_STUDENT
912,7,159,B-NAME_STUDENT
913,7,160,B-NAME_STUDENT
914,7,161,B-NAME_STUDENT
915,7,162,B-NAME_STUDENT
916,7,163,B-NAME_STUDENT
917,7,164,B-NAME_STUDENT
918,7,165,B-NAME_STUDENT
919,7,166,B-NAME_STUDENT
920,7,167,B-NAME_STUDENT
921,7,168,B-NAME_STUDENT
922,7,169,B-NAME_STUDENT
923,7,170,B-NAME_STUDENT
924,7,171,B-NAME_STUDENT
925,7,172,B-NAME_STUDENT
926,7,173,B-NAME_STUDENT
927,7,174,B-NAME_STUDENT
928,7,175,B-NAME_STUDENT
929,7,176,B-NAME_STUDENT
930,7,177,B-NAME_STUDENT
931,7,178,B-NAME_STUDENT
932,7,179,B-NAME_STUDENT
933,7,180,B-NAME_STUDENT
934,7,181,B-NAME_STUDENT
935,7,182,B-NAME_STUDENT
936,7,183,B-NAME_STUDENT
937,7,184,B-NAME_STUDENT
938,7,185,B-NAME_STUDENT
939,7,186,B-NAME_STUDENT
940,7,187,B-NAME_STUDENT
941,7,188,B-NAME_STUDENT
942,7,189,B-NAME_STUDENT
943,7,190,B-NAME_STUDENT
944,7,191,B-NAME_STUDENT
945,7,192,B-NAME_STUDENT
946,7,193,B-NAME_STUDENT
947,7,194,B-NAME_STUDENT
948,7,195,B-NAME_STUDENT
949,7,196,B-NAME_STUDENT
950,7,197,B-NAME_STUDENT
951,7,198,B-NAME_STUDENT
952,7,199,B-NAME_STUDENT
953,7,200,B-NAME_STUDENT
954,7,201,B-NAME_STUDENT
955,7,202,B-NAME_STUDENT
956,7,203,B-NAME_STUDENT
957,7,204,B-NAME_STUDENT
958,7,205,B-NAME_STUDENT
959,7,206,B-NAME_STUDENT
960,7,207,B-NAME_STUDENT
961,7,208,B-NAME_STUDENT
962,7,209,B-NAME_STUDENT
963,7,210,B-NAME_STUDENT
964,7,211,B-NAME_STUDENT
965,7,212,B-NAME_STUDENT
966,7,213,B-NAME_STUDENT
967,7,214,B-NAME_STUDENT
968,7,215,B-NAME_STUDENT
969,7,216,B-NAME_STUDENT
970,7,217,B-NAME_STUDENT
971,7,218,B-NAME_STUDENT
972,7,219,B-NAME_STUDENT
973,7,220,B-NAME_STUDENT
974,7,221,B-NAME_STUDENT
975,7,222,B-NAME_STUDENT
976,7,223,B-NAME_STUDENT
977,7,224,B-NAME_STUDENT
978,7,225,B-NAME_STUDENT
979,7,226,B-NAME_STUDENT
980,7,227,B-NAME_STUDENT
981,7,228,B-NAME_STUDENT
982,7,229,B-NAME_STUDENT
983,7,230,B-NAME_STUDENT
984,7,231,B-NAME_STUDENT
985,7,232,B-NAME_STUDENT
986,7,233,B-NAME_STUDENT
987,7,234,B-NAME_STUDENT
988,7,235,B-NAME_STUDENT
989,7,236,B-NAME_STUDENT
990,7,237,B-NAME_STUDENT
991,7,238,B-NAME_STUDENT
992,7,239,B-NAME_STUDENT
993,7,240,B-NAME_STUDENT
994,7,241,B-NAME_STUDENT
995,7,242,B-NAME_STUDENT
996,7,243,B-NAME_STUDENT
997,7,244,B-NAME_STUDENT
998,7,245,B-NAME_STUDENT
999,7,246,B-NAME_STUDENT
